Dates,Prec,ETP,Q_obs
01/01/02,0.0000,4.11761067062616,0
02/01/02,    0.0000,3.80119706969708,0
03/01/02,    0.0000,3.80372469965369,0
04/01/02,    0.0000,3.36847714986652,0
05/01/02,    0.0000,2.84869804047048,0
06/01/02,    0.0000,3.34010501019657,0
07/01/02,    0.0000,2.8177720727399,0
08/01/02,    0.0000,2.8960803905502,0
09/01/02,    0.0000,4.10229237936437,0
10/01/02,    0.0000,4.00938533060253,0
11/01/02,    0.0000,3.69305610004812,0
12/01/02,    0.0000,3.64924316015095,0
13/01/02,    0.0000,3.21520780026913,0
14/01/02,    0.0000,3.18366300035268,0
15/01/02,    0.0000,3.9016949897632,0
16/01/02,    0.0000,3.79151421040297,0
17/01/02,    0.0000,3.32360230572522,0
18/01/02,    0.0000,4.01283032074571,0
19/01/02,    0.0000,4.10457340069115,0
20/01/02,    0.0000,5.75579225830734,0
21/01/02,    0.0000,4.22204148955643,0
22/01/02,    0.0000,4.57602575048804,0
23/01/02,    0.0000,4.37140064127743,0
24/01/02,    0.0000,4.5229892898351,0
25/01/02,    0.0000,3.69813524000347,0
26/01/02,    0.0000,4.45162690989673,0
27/01/02,    0.0000,5.72600931115448,0
28/01/02,    0.0000,5.9124009590596,0
29/01/02,    0.0000,5.30898200906813,0
30/01/02,    0.0000,4.89166910946369,0
31/01/02,    0.0000,4.50782346911728,0
01/02/02,    0.0000,5.19309317879379,0
02/02/02,    0.0000,4.30882366932929,0
03/02/02,    0.0000,4.91210355982184,0
04/02/02,    0.0000,4.33902479894459,0
05/02/02,    0.0000,4.78028924949467,0
06/02/02,    0.0000,4.11773592047393,0
07/02/02,    0.0000,4.05646834149957,0
08/02/02,    0.0000,4.06673886440694,0
09/02/02,    0.0000,4.16818149015307,0
10/02/02,    0.0000,4.94229177944362,0
11/02/02,    0.0000,4.50731476955116,0
12/02/02,    0.0000,4.00064367055893,0
13/02/02,    0.0000,2.80864876229316,0
14/02/02,    0.0000,3.42841695249081,0
15/02/02,    0.0000,4.05489074997604,0
16/02/02,    0.0000,4.14067409001291,0
17/02/02,    0.0000,4.25944647006691,0
18/02/02,    0.0000,4.83537293970585,0
19/02/02,    0.0000,4.75438277982175,0
20/02/02,    0.0000,4.16714203357697,0
21/02/02,    0.0000,4.33467527106404,0
22/02/02,    0.0000,4.36541712470353,0
23/02/02,    0.0000,5.04263944923878,0
24/02/02,    0.0000,4.6554333884269,0
25/02/02,    0.0000,4.38347475975752,0
26/02/02,    0.0000,4.61577961780131,0
27/02/02,    0.0000,4.39671975560486,0
28/02/02,    0.0000,4.50587719678879,0
01/03/02,    0.0000,3.93555539753288,0
02/03/02,    0.0000,3.91957457643002,0
03/03/02,    0.0000,4.36229336448014,0
04/03/02,    0.0000,4.00575587712228,0
05/03/02,    0.0000,4.84341287054121,0
06/03/02,    0.0000,5.41817538067698,0
07/03/02,    0.1900,5.32142508029938,0
08/03/02,    2.7679,3.75312803033739,0
09/03/02,   17.8694,3.78927651047707,0
10/03/02,    9.2180,2.17991486284882,0
11/03/02,    0.0000,4.58830619417131,0
12/03/02,    0.0000,4.51011977903545,0
13/03/02,    0.0000,4.74331793002784,0
14/03/02,    0.0000,4.88261877186596,0
15/03/02,    0.0000,4.17792338132858,0
16/03/02,    0.0000,4.9262069799006,0
17/03/02,    0.0000,4.97961521334946,0
18/03/02,    0.0000,4.8061890900135,0
19/03/02,    0.0000,5.40330968052149,0
20/03/02,    0.0000,4.50754169933498,0
21/03/02,    0.0000,3.26483205053955,0
22/03/02,    0.0000,2.64402935933322,0
23/03/02,    0.0000,2.80127769801766,0
24/03/02,    0.0000,3.69494145829231,0
25/03/02,    0.0000,4.13632001914084,0
26/03/02,    0.0000,4.41445422172546,0
27/03/02,    0.0000,5.18593779020011,0
28/03/02,    7.3747,4.69368820078671,0
29/03/02,    5.3792,4.37452637031674,0
30/03/02,    0.0000,5.32793988287449,0
31/03/02,    0.0000,5.30744371935725,0
01/04/02,    0.0000,5.42808194085956,0
02/04/02,    0.0000,4.99317527003586,0
03/04/02,    0.0000,5.35391435958445,0
04/04/02,    4.0040,4.96958656981587,0
05/04/02,    3.8109,4.25943964906037,0
06/04/02,   13.1740,4.50004473701119,0
07/04/02,    6.9896,2.26618213951588,0
08/04/02,    2.1667,4.01584338024259,0
09/04/02,    0.0000,4.44000585004687,0
10/04/02,    3.5385,4.40535703487694,0
11/04/02,    0.0000,4.34677916392684,0
12/04/02,    0.0000,4.99175188876688,0
13/04/02,   12.4760,2.38227305840701,0
14/04/02,    2.9340,3.62406763341278,0
15/04/02,    0.0000,3.1675861151889,0
16/04/02,    0.5272,5.01932566985488,0
17/04/02,    1.1954,4.64960875548422,0
18/04/02,    2.2708,4.97301639057696,0
19/04/02,    0.0000,3.84664874989539,0
20/04/02,    0.0000,4.56359773501754,0
21/04/02,    0.0000,4.7339572366327,0
22/04/02,    0.4218,4.32294159382582,0
23/04/02,    0.4751,5.28881084918976,0
24/04/02,    5.0449,4.81432204134762,0
25/04/02,    0.0000,5.13550287671387,0
26/04/02,    0.0000,4.51958174258471,0
27/04/02,    0.0000,4.73198316060007,0
28/04/02,    0.0000,5.02860528044403,0
29/04/02,    0.3118,3.76057133451104,0
30/04/02,    0.7879,3.88626812119037,0
01/05/02,    1.1636,4.38483328744769,0
02/05/02,    6.2685,3.64343247935176,0
03/05/02,    2.1896,4.31233008764684,0
04/05/02,    0.0000,2.84608399216086,0
05/05/02,    7.7477,4.66071322187781,0
06/05/02,    3.8277,4.79725139215589,0
07/05/02,    3.4205,5.33793204091489,0
08/05/02,    9.9040,5.08297402970493,0
09/05/02,    7.4384,4.67000710777938,0
10/05/02,    0.0000,5.0367588698864,0
11/05/02,    0.0000,4.8568934109062,0
12/05/02,    7.4307,5.21756902523339,0
13/05/02,   15.5007,4.92989144101739,0
14/05/02,    9.9468,2.71935733500868,0
15/05/02,    0.0000,4.67437515407801,0
16/05/02,    0.2133,4.76130048371851,0
17/05/02,    2.9527,2.45209606271237,0
18/05/02,    5.5240,4.62095069140196,0
19/05/02,    8.7089,3.39970539975911,0
20/05/02,    0.0000,4.69719974324107,0
21/05/02,    1.3370,3.93690840993077,0
22/05/02,    0.3139,3.92413149308413,0
23/05/02,    4.2098,4.33490634709597,0
24/05/02,    5.3847,4.32259729877114,0
25/05/02,    0.0000,4.50944784656167,0
26/05/02,    5.1516,4.97073605284095,0
27/05/02,    5.5696,4.43702179938555,0
28/05/02,    8.7495,3.06012984085828,0
29/05/02,    1.1155,3.43876509834081,0
30/05/02,    1.2262,4.28185550309718,0
31/05/02,    8.6352,5.07012281194329,0
01/06/02,    7.5841,3.83688015211374,0
02/06/02,    5.5172,4.26776903122664,0
03/06/02,    3.1675,4.62152563408017,0
04/06/02,    4.6961,4.20049281232059,0
05/06/02,    0.0000,4.57281173765659,0
06/06/02,    3.3615,3.37183952052146,0
07/06/02,    6.9321,4.44731123000383,0
08/06/02,    1.5780,4.38600663654506,0
09/06/02,    5.0858,4.45175088755786,0
10/06/02,    0.0000,3.56414504069835,0
11/06/02,    4.6341,3.3442602250725,0
12/06/02,    2.0054,3.54092385154217,0.0000989785211467505
13/06/02,    8.5113,3.94504671730101,0.000197957042293501
14/06/02,    4.5688,3.36125747859478,0.000197957042293501
15/06/02,    4.8636,3.37378061935306,0.000197957042293501
16/06/02,    1.7553,3.57300726976246,0.000197957042293501
17/06/02,    0.0000,3.90217812359333,0.000197957042293501
18/06/02,    2.1718,4.43199347890913,0.000197957042293501
19/06/02,    2.8049,2.86778156366199,0.000197957042293501
20/06/02,    3.3464,4.2130614425987,0.000197957042293501
21/06/02,    7.0757,4.17328222841024,0.000197957042293501
22/06/02,    1.7063,4.08569133095443,0.000197957042293501
23/06/02,    7.0066,4.53982005268335,0.000197957042293501
24/06/02,    6.1550,3.39115594234318,0.000197957042293501
25/06/02,   15.8345,4.06041656062007,0.000197957042293501
26/06/02,   17.8530,4.3431759160012,0.0000989785211467505
27/06/02,    2.8956,3.88703977130353,0
28/06/02,   13.1209,4.69670147635043,0.0000989785211467505
29/06/02,    1.9915,4.73656680993736,0.00150942242060186
30/06/02,    0.0000,3.89196166023612,0.00894930819053921
01/07/02,    7.3410,3.26551494840533,0.0235981293817124
02/07/02,    6.6162,2.50225775130093,0.0367045330329841
03/07/02,    5.0506,2.76270218286663,0.0359127071990602
04/07/02,    0.0000,3.72250927239656,0.0263365352512259
05/07/02,    4.7837,3.90593648515642,0.018005843205782
06/07/02,    1.1143,3.55527295358479,0.014483857148018
07/07/02,    7.7735,4.11747992411256,0.0374881151877611
08/07/02,    4.3855,3.00652961991727,0.0520874467726824
09/07/02,    8.3653,2.70944972429425,0.0367787694088883
10/07/02,    4.8251,3.39107541833073,0.0252642670041906
11/07/02,    4.8964,4.06311621703207,0.0198039524560896
12/07/02,    7.9757,4.20099006965756,0.0169748169527987
13/07/02,    0.0000,4.15480086952448,0.0129991787930946
14/07/02,    0.0000,3.84453140385449,0.0284068353693924
15/07/02,   11.6295,4.19714888185263,0.0400945494294451
16/07/02,    6.3701,2.49180092010647,0.0540175256842929
17/07/02,    9.5086,3.02792175021023,0.0467591038524108
18/07/02,   14.1603,3.86775163840503,0.0350383973770324
19/07/02,    0.2547,3.57043748814613,0.0274335463348607
20/07/02,    5.7938,4.04597795195878,0.0275325255473645
21/07/02,    4.6909,2.58017920702696,0.0620512820587522
22/07/02,    3.3454,3.27290330082178,0.0623564673084632
23/07/02,    0.1377,2.25625176448375,0.05206270000303
24/07/02,    1.4767,3.31372452620417,0.056582721864978
25/07/02,    0.8216,4.10425582155585,0.0481118105795048
26/07/02,    2.5932,2.86524449009448,0.0458023100422789
27/07/02,    1.7155,4.47176261991262,0.0362013932913186
28/07/02,    3.9466,3.833296100609,0.0269139094022692
29/07/02,   12.4987,4.11802892759442,0.0203400865796073
30/07/02,    2.0888,2.98803424183279,0.0160840099398447
31/07/02,    9.2735,3.10473096463829,0.0149787492774836
01/08/02,    9.1691,3.40457482915372,0.0538608131863906
02/08/02,    1.8226,2.90981357637793,0.229135280126603
03/08/02,    0.0000,3.95654282998294,0.179810972227401
04/08/02,    0.8652,3.35639552120119,0.1270224312211
05/08/02,   27.9988,2.52206935640424,0.128589595530653
06/08/02,   10.3405,2.95570607390255,0.480953137818839
07/08/02,    7.1317,2.94467581715435,0.451094594878058
08/08/02,    1.2979,4.21428932249546,0.194822727685896
09/08/02,   20.7068,2.23841119837016,0.210659291561008
10/08/02,    2.8434,2.40954995527864,0.238043346323091
11/08/02,   10.7490,4.07879787124693,0.340651067692795
12/08/02,    7.9832,3.80213629547507,0.459425304622241
13/08/02,   23.6597,3.17968974169344,0.449032542372091
14/08/02,    5.1888,2.75315215159208,0.645669870599642
15/08/02,   22.9127,2.34948184713721,0.802220924541319
16/08/02,   10.1949,2.96055044140667,0.667445140028341
17/08/02,   11.9013,3.80546404514462,0.903178997613365
18/08/02,    4.8643,2.86685159336776,0.786796749142303
19/08/02,   17.0064,3.99353008996695,0.752896600909905
20/08/02,    9.3614,3.22926364373416,0.847091144279533
21/08/02,    7.0713,3.10063185915351,0.756030960993437
22/08/02,    6.9384,3.64817623607814,0.723615493082488
23/08/02,    2.6014,4.80882366374135,0.785394568541169
24/08/02,    8.6718,3.73619304876775,0.914726504232549
25/08/02,    5.6116,4.29278336279094,0.718336580772673
26/08/02,    8.0568,3.23736571427435,0.626863961813843
27/08/02,    3.1796,2.49615710694343,0.570363735736128
28/08/02,   20.4304,3.87203300371766,0.510729149574881
29/08/02,    3.7213,2.73032535985112,0.587355028248061
30/08/02,   10.1312,3.008744020015,0.685343740677207
31/08/02,    2.2411,3.7722765058279,0.998858221304444
01/09/02,    5.2588,4.23537100851536,1.05082196962634
02/09/02,    6.9508,3.83230000454932,0.922149905839799
03/09/02,   20.4955,3.37860653363168,0.813108559255669
04/09/02,    5.1278,2.40494059212506,0.718584079933622
05/09/02,   15.9171,4.18458429537714,0.730543959296688
06/09/02,   14.2309,3.51861736085266,1.43188931048628
07/09/02,    2.1540,3.32460750080645,1.96967257887083
08/09/02,    0.3090,3.0683678323403,1.88059188544153
09/09/02,    2.5757,3.05964151956141,1.55066348448687
10/09/02,    4.8707,4.14774633012712,1.24383009677059
11/09/02,    5.5004,3.35971250757575,1.05577088305489
12/09/02,   12.2802,3.2335635535419,0.929573244518197
13/09/02,   15.8322,3.16757998429239,0.917200929482397
14/09/02,   30.3463,2.9927408369258,1.17124582338902
15/09/02,   10.0136,3.19827472884208,1.96967257887083
16/09/02,    5.5751,3.72215440589935,2.49508353221957
17/09/02,   11.5154,4.65933794528246,2.38703193056384
18/09/02,   19.9534,3.45623848680407,2.65179952267303
19/09/02,   10.0040,2.74604011513293,2.7095369928401
20/09/02,    0.7816,3.38785487413406,2.49178429855311
21/09/02,    4.9453,4.58379511721432,2.30702444436157
22/09/02,    2.0547,3.91747431643307,2.17587770360979
23/09/02,    8.2083,3.37747831270099,1.88059188544153
24/09/02,    0.8363,2.25448167230934,1.6587150861426
25/09/02,    3.7365,3.96669986657798,1.65046687611874
26/09/02,    0.1365,4.81825398094952,1.49869973616497
27/09/02,    0.0000,4.38029765337706,1.32548732566378
28/09/02,    9.7471,3.04066266585141,1.10855937686456
29/09/02,    4.6606,4.61822465993464,0.932047732696897
30/09/02,   16.8448,2.87914042267948,0.835543700589202
01/10/02,   18.7976,3.52534805610776,0.962566084613662
02/10/02,    8.4485,3.13225652836263,1.11350835322196
03/10/02,   13.5589,3.32788904476911,1.58200670774911
04/10/02,   15.2191,3.37781773135066,1.54653937947494
05/10/02,    8.9749,3.59892552904785,1.41869212410501
06/10/02,    5.9097,3.61911646649241,1.17124582338902
07/10/02,   16.3752,3.15615823958069,1.24218047993735
08/10/02,    5.7502,4.16149843670428,1.48137857062948
09/10/02,    1.7807,3.77359643578529,1.53004295942721
10/10/02,    8.7103,4.24981427937746,1.48302818746271
11/10/02,    2.3458,4.17861241847277,1.26445062183025
12/10/02,    5.3696,3.44499003048986,1.03350074116199
13/10/02,    2.2425,4.09226384758949,0.94854415274463
14/10/02,    1.7332,3.3396919798106,0.852864929053551
15/10/02,    0.7546,2.79972988460213,0.772114945368437
16/10/02,    0.5464,3.67320389207453,0.835543700589202
17/10/02,    2.2175,3.21721535827965,0.899879701018048
18/10/02,    1.9517,4.08419431373477,0.74951486752312
19/10/02,    0.0000,4.2976660579443,0.635194671558025
20/10/02,    0.0000,3.38270773086697,0.563022833849195
21/10/02,    0.4131,4.77717477083206,0.501326195181981
22/10/02,    0.0000,4.42710429057479,0.447960297723374
23/10/02,    0.0000,3.78745588008314,0.394594368800343
24/10/02,    0.0000,4.59022506885231,0.348239437276253
25/10/02,    1.5249,3.83936386741698,0.312607172490304
26/10/02,    0.0000,3.6467579677701,0.29058443536508
27/10/02,    0.0000,3.31140065286309,0.268644197960173
28/10/02,    0.0000,3.57655671145767,0.244229503840991
29/10/02,    0.0000,3.84353128448129,0.223938899001529
30/10/02,    0.0000,4.10379865579307,0.204720570275209
31/10/02,    0.0000,4.41189006902277,0.187151889846547
01/11/02,    0.0000,4.13857322186232,0.16908830548926
02/11/02,    0.0000,4.74712167866528,0.151107205120077
03/11/02,    0.0000,3.93788751494139,0.134363348840244
04/11/02,    0.0000,4.2543420586735,0.121743581840132
05/11/02,    1.7345,3.51843271031976,0.109618710902539
06/11/02,    0.0000,2.47383647412062,0.106814318235848
07/11/02,    0.0000,4.60146001912653,0.100958088804259
08/11/02,    0.0000,3.76911876257509,0.0884208136583569
09/11/02,    0.0000,3.96228605974466,0.0784404792148345
10/11/02,    0.0000,4.54772615991533,0.0722625653760814
11/11/02,    0.0000,4.19474804028869,0.0657959733111762
12/11/02,    0.0000,4.92066868953407,0.0594448478170682
13/11/02,    0.0000,4.7590550892055,0.0533081799054203
14/11/02,    0.0000,4.05906199477613,0.0471550167693727
15/11/02,    0.0000,4.6163288205862,0.0419091539041524
16/11/02,    0.0000,5.00233876146376,0.0367705217966886
17/11/02,    0.0000,3.9279761062935,0.0337269326439905
18/11/02,    0.0000,3.47442710027099,0.0304111506569072
19/11/02,    0.0000,3.67404364980757,0.0273840567286089
20/11/02,    0.0000,4.21909810602665,0.0245879136406437
21/11/02,    0.0000,3.78945540171117,0.0215443244879456
22/11/02,    0.0000,3.93562466371804,0.0192183287263201
23/11/02,    0.0000,4.04996745288372,0.0173789794484869
24/11/02,    0.0000,4.52165587991476,0.0160427689290559
25/11/02,    0.0000,4.0208576656878,0.0141456804662445
26/11/02,    0.0000,3.77443964686245,0.0133291078626682
27/11/02,    0.0000,4.02643650025129,0.0122815844187588
28/11/02,    0.0000,4.08921200968325,0.0104339855621994
29/11/02,    0.0000,3.80078914947808,0.00897405299366518
30/11/02,    0.0000,4.05406882986426,0.00823996192003491
01/12/02,    0.0000,3.76034105848521,0.0075306156495306
02/12/02,    0.0000,4.28291325084865,0.00679652506753198
03/12/02,    0.0000,3.72292468976229,0.0062933843426033
04/12/02,    0.0000,4.02116567641497,0.00582323603300035
05/12/02,    0.0000,3.87053667940199,0.00534484011119761
06/12/02,    0.0000,3.71634402032942,0.00486644369776323
07/12/02,    0.0000,4.18717041052878,0.00438804777596048
08/12/02,    0.0000,3.91566286981106,0.00390140325869467
09/12/02,    0.0000,4.2774533201009,0.00343125544072336
10/12/02,    0.0000,3.91457817517221,0.00294461092345755
11/12/02,    0.0000,4.21014796942472,0.00246621475583898
12/12/02,    0.0000,3.89920747000724,0.00201256326843845
13/12/02,    0.0000,4.34438787959516,0.00178986151519994
14/12/02,    0.0000,4.57498905993998,0.00159190456508737
15/12/02,    0.0000,4.39305514097214,0.00139394749206688
16/12/02,    0.0000,5.29314544983208,0.00119599041904641
17/12/02,    0.0000,4.9912614505738,0.000998033407479881
18/12/02,    0.0000,4.36296672001481,0.000791828169174012
19/12/02,    0.0000,5.10602810047567,0.000593871096153537
20/12/02,    0.0000,4.59014379046857,0.00039591408458701
21/12/02,    0.0000,4.22362360917032,0.000206205253669356
22/12/02,    0.0000,5.51077078096569,0.0000247446302866876
23/12/02,    0.0000,5.15154450945556,0
24/12/02,    0.0000,5.55758588947356,0
25/12/02,    0.0000,5.0322587210685,0
26/12/02,    0.0000,4.82571949996054,0
27/12/02,    0.0000,5.00069324113429,0
28/12/02,    0.0000,4.65015196986496,0
29/12/02,    0.0000,4.94931915961206,0
30/12/02,    0.0000,5.21653846092522,0
31/12/02,    0.0000,5.6844430193305,0
01/01/03,0.0000,4.75774545036256,0
02/01/03,    0.0000,5.69901336915791,0
03/01/03,    0.0000,5.26335969008505,0
04/01/03,    0.0000,5.63233971968293,0
05/01/03,    0.0000,4.13747352920473,0
06/01/03,    0.0000,4.15263848006725,0
07/01/03,    0.0000,4.32803391106427,0
08/01/03,    0.0000,4.14425298944116,0
09/01/03,    0.0000,4.07935125008225,0
10/01/03,    0.0000,4.05814287997782,0
11/01/03,    1.3020,4.32161803916097,0
12/01/03,    1.7261,4.19844231009483,0
13/01/03,    0.0000,4.29297013022006,0
14/01/03,    0.0000,4.41886639967561,0
15/01/03,    0.0000,5.02689678035676,0
16/01/03,    0.0000,4.11408055946231,0
17/01/03,    0.0000,3.76298062968999,0
18/01/03,    0.0000,3.29366709943861,0
19/01/03,    0.0000,3.98547261953354,0
20/01/03,    0.0000,3.99506159033626,0
21/01/03,    0.0000,3.94481532182544,0
22/01/03,    0.0000,4.24815147928894,0
23/01/03,    0.0000,2.71322284732014,0
24/01/03,    0.0000,4.60991700924933,0
25/01/03,    0.0000,4.41288139857352,0
26/01/03,    0.0000,4.40116739086807,0
27/01/03,    0.0000,4.77498424984515,0
28/01/03,    0.0000,5.45282715000212,0
29/01/03,    0.0000,4.26167139969766,0
30/01/03,    0.0000,4.70334956049919,0
31/01/03,    0.0000,5.02411335892975,0
01/02/03,    0.0000,4.57130539044738,0
02/02/03,    0.0000,4.67550451867282,0
03/02/03,    0.0000,5.03299466893077,0
04/02/03,    0.0000,5.49844066984952,0
05/02/03,    0.0000,4.41784211061895,0
06/02/03,    0.0000,4.41821105033159,0
07/02/03,    0.0000,5.33012142032385,0
08/02/03,    0.0000,5.01501809991896,0
09/02/03,    0.0000,4.54648203030229,0
10/02/03,    0.0000,5.03460237942636,0
11/02/03,    0.0000,5.31982132978737,0
12/02/03,    0.0000,5.14277862943709,0
13/02/03,    0.0000,5.29525173082948,0
14/02/03,    2.0685,4.56777075119317,0
15/02/03,    0.4001,4.79091053083539,0
16/02/03,    3.3829,4.97577051073313,0
17/02/03,    8.2959,3.93038543965667,0
18/02/03,    0.0000,4.85841158032417,0
19/02/03,    0.0000,6.01282851956785,0
20/02/03,    0.0000,4.66604541055858,0
21/02/03,    0.0000,4.92921658046544,0
22/02/03,    0.0000,4.88662556000054,0
23/02/03,    0.0000,5.29882382974029,0
24/02/03,    0.0000,5.15847994014621,0
25/02/03,    0.0000,4.60736071877182,0
26/02/03,    0.0000,5.10399791039526,0
27/02/03,    0.0000,5.35535698011518,0
28/02/03,    0.0000,5.52263802103698,0
01/03/03,    0.0000,5.23647932894528,0
02/03/03,    0.0000,5.5629173386842,0
03/03/03,    0.0000,5.35272481106222,0
04/03/03,    0.0000,5.01618898101151,0
05/03/03,    0.0000,5.28057249076664,0
06/03/03,    0.0000,4.33668334968388,0
07/03/03,    0.0000,5.37496156990528,0
08/03/03,    0.0000,3.97074392903596,0
09/03/03,    0.0000,5.44157920964062,0
10/03/03,    0.0000,5.00767013989389,0
11/03/03,    0.0000,5.16367284953594,0
12/03/03,    5.8963,5.25896129012108,0
13/03/03,    0.0000,5.86131544969976,0
14/03/03,    0.0000,6.32702413015068,0
15/03/03,    0.0000,6.26240525953472,0
16/03/03,    0.0000,5.44544188119471,0
17/03/03,    0.0000,5.31486829929054,0
18/03/03,    0.0000,5.75538849085569,0
19/03/03,    0.0000,5.14702056907117,0
20/03/03,    0.0000,4.70942448079586,0
21/03/03,    0.6915,5.20875173993409,0
22/03/03,    9.8750,5.26641221903265,0
23/03/03,    0.0000,4.84128097072244,0
24/03/03,    0.0000,5.43940925039351,0
25/03/03,    0.0000,5.2519843801856,0
26/03/03,    0.0000,4.88314166106284,0
27/03/03,    0.0000,5.74478792026639,0
28/03/03,    0.0000,5.10062653943896,0
29/03/03,    0.0000,5.23376383073628,0
30/03/03,    0.0000,5.84479863010347,0
31/03/03,    0.0000,5.91704639978707,0
01/04/03,    0.0000,5.53412310965359,0
02/04/03,    4.3308,6.28790971077979,0
03/04/03,    0.0000,5.63049904070795,0
04/04/03,    0.0000,4.6741614099592,0
05/04/03,    0.0440,5.88138546049595,0
06/04/03,    1.3400,3.18051913008094,0
07/04/03,    0.3918,5.02951280027628,0
08/04/03,    0.0000,5.4395669400692,0
09/04/03,    0.0000,6.07248148135841,0
10/04/03,    5.7600,5.90540158934891,0
11/04/03,    1.9555,3.17566072102636,0
12/04/03,    0.0000,5.27659754082561,0
13/04/03,    0.0000,6.15468961931765,0
14/04/03,    9.3062,5.64325247891247,0
15/04/03,    3.0630,2.73036242835224,0
16/04/03,    0.0000,4.37637942284346,0
17/04/03,    0.4523,5.07661719061434,0
18/04/03,    0.6878,5.81401223875582,0
19/04/03,   23.7798,4.64433998055756,0
20/04/03,    0.2311,3.73475054092705,0
21/04/03,    0.3138,5.03195199929178,0
22/04/03,    0.5423,5.43707493878901,0
23/04/03,    0.1186,5.09065647982061,0
24/04/03,    0.0000,4.9435271602124,0
25/04/03,    0.0000,4.63536038994789,0
26/04/03,    4.5243,5.28479179926217,0
27/04/03,    0.4730,4.49999625049531,0
28/04/03,   12.1311,5.5816057305783,0
29/04/03,    4.5716,4.86340007930994,0
30/04/03,    0.0000,4.56309198960662,0.000775331715695327
01/05/03,    0.0000,5.10122050903738,0.0125372790789547
02/05/03,    0.0000,5.43557489849627,0.00743988552412156
03/05/03,    0.0000,5.73768511973321,0.0061944056217312
04/05/03,    0.0000,5.69225391931832,0.00324154659444222
05/05/03,    0.0000,5.92672410979867,0.00040416228059937
06/05/03,    3.6933,5.90740925073624,0.000750587096931257
07/05/03,    0.3994,4.24821328930557,0.00040416228059937
08/05/03,    0.5331,5.00430605001748,0.0000164964208312714
09/05/03,    1.6714,5.18104620091617,0
10/05/03,    1.3842,5.41956579871476,0
11/05/03,    6.6087,5.2595347892493,0
12/05/03,    1.4985,4.57948905043304,0
13/05/03,    0.0000,4.58338941074908,0
14/05/03,    2.6674,5.01948673091829,0
15/05/03,    0.0000,5.46993221901357,0
16/05/03,    1.6561,5.28318534046412,0
17/05/03,    4.4848,2.78486090712249,0
18/05/03,    0.0000,5.44457812048495,0
19/05/03,    6.0163,5.25058844126761,0
20/05/03,    6.2616,5.0447689909488,0
21/05/03,   13.1536,4.93312047980726,0
22/05/03,    0.3705,5.1365262567997,0
23/05/03,    2.8208,5.06927295960486,0
24/05/03,    1.8365,4.68561909906566,0
25/05/03,    0.3365,4.77126519940794,0
26/05/03,    0.0000,3.54216888453811,0
27/05/03,    3.6084,5.42158140055835,0
28/05/03,   19.6620,3.94926009047776,0
29/05/03,   23.7719,2.75416874792427,0
30/05/03,    1.5591,4.50732417218387,0
31/05/03,    2.2130,3.98050254769623,0
01/06/03,   24.3015,2.78028311859816,0
02/06/03,    0.6175,2.89599235635251,0.00153416710081988
03/06/03,    3.1646,4.47772079892457,0.0213381184507384
04/06/03,    7.4827,3.67388425953686,0.060236677584045
05/06/03,    8.7325,4.20877708308399,0.144096223453349
06/06/03,    5.0806,4.22890925966203,0.148137844477178
07/06/03,   21.8408,3.57285904698074,0.0950193832506715
08/06/03,    0.0000,4.18089411780238,0.0681219651397487
09/06/03,   16.3506,4.50514184124768,0.0634369831676984
10/06/03,    3.5553,3.71835153084248,0.0686993451903714
11/06/03,    2.9759,3.93467851448804,0.0762959427207637
12/06/03,   19.3985,3.50767430849373,0.08305947242318
13/06/03,    3.3093,2.35457292851061,0.100215748643534
14/06/03,    1.9171,4.57860618829727,0.12735235930741
15/06/03,    0.0000,4.12503815628588,0.159520383120152
16/06/03,    1.4409,3.88525369483978,0.225506063311083
17/06/03,    8.3658,4.5298049300909,0.208102335126417
18/06/03,    1.4279,4.1560555677861,0.13749766172714
19/06/03,   10.5586,3.29419005569071,0.117289548741889
20/06/03,    0.0000,3.42421798221767,0.0904003821762196
21/06/03,    0.0000,4.87440080009401,0.0764856496005184
22/06/03,    0.4074,3.38664982095361,0.0576962281730124
23/06/03,   11.8130,3.11877385899425,0.0559228656923572
24/06/03,   13.2622,2.68893847614527,0.0786879233130408
25/06/03,   20.9832,3.30350814759731,0.0791663162850537
26/06/03,    2.3144,2.36145723611116,0.0754793701171875
27/06/03,    3.0361,4.15093265846372,0.118361816988924
28/06/03,   10.1809,3.84471120033413,0.18146062052506
29/06/03,    5.5967,3.00831622350961,0.650041411843676
30/06/03,    0.0000,3.65734105743468,0.581251370450477
01/07/03,   14.0605,3.0995982689783,0.401275430246868
02/07/03,    0.0000,4.47839606367052,0.395089272728968
03/07/03,   12.8096,3.37020222470164,0.290914371317497
04/07/03,    0.0000,3.47703398857266,0.238868154739708
05/07/03,    2.5359,3.75503155309707,0.262540524430378
06/07/03,    0.6291,4.20393974892795,0.259736131763686
07/07/03,    8.3041,3.03646072093397,0.203318373941863
08/07/03,    0.3219,3.9462493956089,0.0443753708723337
09/07/03,   12.5000,3.556043417193,0.12595017084017
10/07/03,    2.1304,4.02285970374942,0.170820422042811
11/07/03,    0.4742,2.63756986428052,0.415709797788634
12/07/03,    0.0000,3.71805238910019,0.309472843871197
13/07/03,    5.6835,2.90262800827622,0.185419757560784
14/07/03,    0.0741,3.72184385266155,0.168345965328535
15/07/03,    9.4174,4.18131218850613,0.134610785072345
16/07/03,   12.6652,2.36701805237681,0.135270641244966
17/07/03,    0.0000,3.03518418874592,0.239692978888537
18/07/03,    0.6638,3.6428734138608,0.297018029115081
19/07/03,    5.3689,2.68867983948439,0.281593885180489
20/07/03,    4.3615,2.96519155241549,0.380902341419302
21/07/03,    5.6539,2.71809727046639,0.390140327835994
22/07/03,    1.7879,3.36018352303654,0.373313971835844
23/07/03,    2.0477,4.04300571233034,0.459177836925716
24/07/03,    0.0000,3.36454690154642,0.503965619872464
25/07/03,    7.5411,3.32667660620064,0.500583855021256
26/07/03,    2.8843,3.22852101270109,0.509821872902372
27/07/03,    1.0024,3.77595022134483,0.506770012539156
28/07/03,    0.0000,3.82208363991231,0.398800942068168
29/07/03,   17.4873,4.45804092846811,0.277964684097181
30/07/03,   25.1780,3.92965981829911,0.280356672555564
31/07/03,   41.3302,2.41589892003685,0.703159904534606
01/08/03,    4.0607,3.23254189547151,1.08793885180489
02/08/03,    1.6425,3.0813403557986,1.04092407984039
03/08/03,    5.8613,2.86494847945869,1.37497658580698
04/08/03,    4.5939,3.88971043284982,1.54241527446301
05/08/03,   14.6250,3.55510448105633,1.63809456108294
06/08/03,   15.0451,2.07814123481512,1.76676656194063
07/08/03,    1.0259,2.42187600210309,1.80305876156027
08/08/03,    0.0000,4.27021541260183,1.70243049858293
09/08/03,   10.4874,4.158307492733,1.53499193578461
10/08/03,   17.7964,3.31728833913803,1.45168496420048
11/08/03,   22.0348,3.55875048972666,1.31888873247315
12/08/03,   12.4814,3.3667673766613,1.22403431719868
13/08/03,    6.5185,3.65553479734808,1.59602863961814
14/08/03,    0.4203,3.2275374699384,2.23856415013425
15/08/03,   12.5298,3.85017836280167,2.4992076372315
16/08/03,    9.7669,2.26369613688439,2.62952925492244
17/08/03,   21.2659,2.26034627575427,2.75985112432876
18/08/03,   16.6482,3.29550079442561,2.84975656324582
19/08/03,   26.4544,2.01999081484973,3.05183770883055
20/08/03,    6.7710,3.54762498382479,3.73396477849045
21/08/03,   12.3633,3.13806596770883,3.70344630071599
22/08/03,    4.0692,3.31676085386425,3.77025685225239
23/08/03,    4.1862,3.4558437904343,3.15988931048628
24/08/03,    3.8112,3.92112441454083,2.88192453199582
25/08/03,    3.3783,2.84796615224332,2.65922286135143
26/08/03,    6.2645,3.16967118345201,2.46621479713604
27/08/03,   10.6715,3.95335758943111,2.22536696375299
28/08/03,    9.2203,2.04335809219629,2.09504534606205
29/08/03,    9.2429,3.19817912206054,2.12143971882458
30/08/03,   11.1170,3.00703883450478,2.50580610456444
31/08/03,   15.4227,2.78885859530419,2.92481532480609
01/09/03,    1.4761,3.20137500297278,2.98420228594869
02/09/03,    2.9872,2.90369184315205,3.01142153005669
03/09/03,   11.5472,2.84526168834418,3.06008591885442
04/09/03,    8.4599,3.3849091809243,2.99492511000895
05/09/03,    1.8957,3.62369093671441,3.13514468041468
06/09/03,   28.9491,3.01987337414175,3.45270076633354
07/09/03,   11.8001,2.99925613589585,3.49971541244034
08/09/03,    7.5479,3.7126606348902,2.99327536731802
09/09/03,    1.9752,3.97206307947636,2.66582158039976
10/09/03,    0.4112,4.27815063670278,2.54457279236277
11/09/03,    6.2855,3.10194711200893,2.44229503840991
12/09/03,    8.6826,2.44876133743674,2.23279055414678
13/09/03,    3.6086,2.86516194697469,1.91440959688246
14/09/03,    4.9792,3.16188392881304,1.68510933304744
15/09/03,   13.4162,3.1400572406128,1.56138618268944
16/09/03,    0.9868,4.51856320537627,1.48880190930788
17/09/03,    6.7027,4.4291708022356,1.43683816098598
18/09/03,   21.3837,3.63628604542464,1.44178713734338
19/09/03,    1.9673,3.93827455490828,1.40467019223598
20/09/03,    2.3083,3.74883265886456,1.38240005034308
21/09/03,   13.9834,2.89601832162589,1.45910830287888
22/09/03,   12.7216,4.26087977923453,1.73954744369033
23/09/03,    7.0366,4.12047470733523,1.88884009546539
24/09/03,    7.1420,3.27815360017121,1.86409546539379
25/09/03,    1.0407,3.52163765765727,2.25753518421837
26/09/03,    1.4176,4.14848286285996,2.31279804034904
27/09/03,    9.2813,4.32673281989992,2.01916183901402
28/09/03,   11.1499,3.94685243628919,1.88471599045346
29/09/03,   10.9837,4.33767419494689,1.98451938208533
30/09/03,    1.1878,4.23919656872749,1.96637321934666
01/10/03,    9.0878,3.95408588089049,1.93255563376343
02/10/03,    8.8736,3.83869665022939,1.84512455716736
03/10/03,    6.8739,4.38818361796439,2.01173837447792
04/10/03,    1.6282,3.85953569132835,1.82780339163186
05/10/03,    5.9657,4.70920640043914,1.59850312779684
06/10/03,    1.6960,4.27531944401562,1.58530594141557
07/10/03,    3.1276,4.21479989774525,1.50942243436754
08/10/03,    1.1458,4.32256701029837,1.33043630202118
09/10/03,    0.0000,4.43644038401544,1.28342153005669
10/10/03,    0.0000,3.30247596185654,1.18279326707935
11/10/03,    6.3607,4.24640054255724,1.09123821132906
12/10/03,    8.4429,3.81484071630985,0.892456299410798
13/10/03,   18.7600,4.28735395334661,0.78564200477327
14/10/03,   11.6678,3.74503493867815,0.745720698463604
15/10/03,    5.3073,3.0477200858295,1.03844965459054
16/10/03,    3.6617,3.86267869081348,1.10690976003132
17/10/03,    5.3692,3.62391594983637,1.06731832674522
18/10/03,    2.3852,4.45519332960248,1.19186634844869
19/10/03,    0.9484,4.49378474056721,0.940295942720764
20/10/03,    0.0000,3.74394786451012,0.858638650898716
21/10/03,    0.0000,4.61614083126187,0.694334322326223
22/10/03,    0.0000,4.4815583601594,0.620512867784159
23/10/03,    0.0000,3.72455475199968,0.564177578218228
24/10/03,    0.0000,4.04305103048682,0.517822615229714
25/10/03,    2.0895,4.70599636994302,0.500088982557055
26/10/03,    1.4010,4.36195394024253,0.446475617401924
27/10/03,    0.0000,4.30022987723351,0.40927617257421
28/10/03,    0.0000,4.34258339181542,0.35549783944287
29/10/03,    0.0000,4.78574076108634,0.338671514907145
30/10/03,    0.0000,3.35153420921415,0.296358188674672
31/10/03,    0.3108,3.40333956945688,0.26600477326969
01/11/03,    2.2682,4.4923399258405,0.250745581579095
02/11/03,    0.0000,4.00063093751669,0.235073985680191
03/11/03,    0.8702,4.41608882136643,0.234001725299262
04/11/03,    0.0000,3.73656128905714,0.187481810066751
05/11/03,    0.0000,3.88185854349285,0.167191220959502
06/11/03,    0.0000,3.63939067348838,0.162159807810635
07/11/03,    0.0000,4.0661609955132,0.154901389911806
08/11/03,    0.0000,3.17018960323185,0.140961910566453
09/11/03,    0.0000,3.82743792422116,0.132218812346174
10/11/03,    0.0000,3.61251653544605,0.12850711154255
11/11/03,    1.1114,3.88042831048369,0.12265088211096
12/11/03,    0.0000,4.31261919438839,0.114402672087094
13/11/03,    0.4104,4.34466843865812,0.101617944976879
14/11/03,    0.0000,4.27632650174201,0.0894930819053921
15/11/03,    0.0000,4.39481133036315,0.0817480116231914
16/11/03,    0.0000,5.02922105044127,0.0778548554850649
17/11/03,    0.0000,4.32440220378339,0.0716769416463119
18/11/03,    0.0000,4.62516346946359,0.0541742421152484
19/11/03,    0.0000,4.58206412009895,0.0476746556684908
20/11/03,    0.0000,4.5645626205951,0.0448620153895995
21/11/03,    0.0000,5.53099725022912,0.0422473335357156
22/11/03,    0.0000,6.3681089412421,0.0395914096877797
23/11/03,    0.0000,4.61015530116856,0.037884028104723
24/11/03,    0.0000,4.41314367949963,0.0332155413570723
25/11/03,    0.0000,4.36906125955284,0.0295780808624049
26/11/03,    0.0000,4.12052848003805,0.0283078561568886
27/11/03,    0.0000,4.06169495917857,0.0270788734454244
28/11/03,    0.0000,4.3852928802371,0.0246456508590953
29/11/03,    0.0000,4.40719520114362,0.0184677429199219
30/11/03,    0.0000,4.68154114112258,0.0169253273465469
01/12/03,    0.0000,4.38170265033841,0.0159520383120152
02/12/03,    0.0000,3.95807118434459,0.0150034940806096
03/12/03,    0.0000,4.38686268031597,0.0140467012537408
04/12/03,    0.0000,4.36093590036035,0.0133126106717421
05/12/03,    0.0000,4.69923359900713,0.012496038068166
06/12/03,    0.0000,4.91761753149331,0.0108216518502246
07/12/03,    0.0000,4.78604443930089,0.0086358763118917
08/12/03,    0.0000,5.61229724995792,0.0075058713380363
09/12/03,    0.0000,5.13774207048118,0.00680477317136341
10/12/03,    0.0000,4.18160360865295,0.00630163244643474
11/12/03,    0.0000,4.24598952941597,0.00588097374308366
12/12/03,    0.0000,4.35509998910129,0.00556754186443611
13/12/03,    0.0000,4.44071556068957,0.00510564215029623
14/12/03,    0.0000,4.49009214900434,0.00461899763303042
15/12/03,    0.0000,5.01969859004021,0.00390965160834192
16/12/03,    0.0000,4.47219319082797,0.00343125544072336
17/12/03,    0.0000,4.3663931004703,0.00273840562369772
18/12/03,    0.0000,4.74690564908087,0.0020043150416991
19/12/03,    0.0000,5.58524901047349,0.00179810974193928
20/12/03,    0.0000,4.30745078064501,0.00168263481340431
21/12/03,    0.0000,4.80795546993613,0.00157540811160868
22/12/03,    0.0000,5.42505591921508,0.00138569926532755
23/12/03,    0.0000,3.79777356982231,0.00120423864578575
24/12/03,    0.0000,4.21635787934065,0.00108876371725078
25/12/03,    0.0000,4.6427437607199,0.000989785180740539
26/12/03,    0.0000,5.26135643012822,0.000981537015455153
27/12/03,    0.0000,4.68214203976095,0.000800076395913354
28/12/03,    0.0000,5.16271181032062,0.000602119322892871
29/12/03,    0.0000,4.97520204074681,0.00039591408458701
30/12/03,    0.0000,3.84634416084737,0.0000329928416625428
31/12/03,    0.0000,3.44160684011877,0
01/01/04,0.0000,3.92443358059973,0
02/01/04,    0.0000,4.0336529891938,0
03/01/04,    0.0000,4.13649844005704,0
04/01/04,    0.0000,3.96612361911684,0
05/01/04,    0.0000,4.11779903061688,0
06/01/04,    0.0000,4.67264279164374,0
07/01/04,    0.0000,4.46330017969012,0
08/01/04,    0.0000,4.53244422934949,0
09/01/04,    0.0000,4.89901409856975,0
10/01/04,    0.0000,4.20328849926591,0
11/01/04,    0.0000,4.61480668000877,0
12/01/04,    0.0000,5.31117031909525,0
13/01/04,    0.0000,4.80842361040413,0
14/01/04,    0.0000,4.4241244290024,0
15/01/04,    0.0000,4.41894667968154,0
16/01/04,    0.0000,4.15689883939922,0
17/01/04,    0.0000,6.30256737023592,0
18/01/04,    0.0000,4.1939307898283,0
19/01/04,    0.0000,3.43852355424315,0
20/01/04,   17.6792,3.93059863895178,0
21/01/04,    3.6778,2.03057602792978,0
22/01/04,    0.0000,4.03453279845417,0
23/01/04,    0.0000,4.11718147061765,0
24/01/04,    0.0000,4.28224717080593,0.00040416228059937
25/01/04,    0.0000,4.23241678997874,0.00607893069319623
26/01/04,    0.0000,5.46490577049553,0.00774506929893767
27/01/04,    0.0000,5.81424341909587,0.00719243896775712
28/01/04,    0.0000,5.69436438940465,0.0060706825893648
29/01/04,    0.0000,5.20616727136076,0.0024084772915715
30/01/04,    0.0000,4.87917228974402,0.00197132213474174
31/01/04,    0.0000,4.32611534558237,0.00179810974193928
01/02/04,    0.0000,4.5590774603188,0.00155891165813
02/02/04,    0.0000,5.41181292943656,0.000651608621874968
03/02/04,    0.0000,5.00800300016999,0.000222701676421067
04/02/04,    0.0000,5.40506356954575,0.0000164964208312714
05/02/04,    0.0000,4.85454555973411,0
06/02/04,    0.0000,5.19567752070725,0.0000164964208312714
07/02/04,    0.0000,4.76744409091771,0.000181460619541799
08/02/04,    0.0000,4.82024365104735,0.000197957042293501
09/02/04,    0.0000,4.75052061118186,0.000181460619541799
10/02/04,    0.0000,4.51271487958729,0.0000164964208312714
11/02/04,    0.0000,6.48029821924865,0
12/02/04,    0.0000,5.07628436945379,0
13/02/04,    0.0000,4.57980041950941,0
14/02/04,    0.0000,4.43215104006231,0
15/02/04,    0.0000,4.66475621052086,0
16/02/04,    0.0000,4.70056189969182,0
17/02/04,    0.0000,4.80278679914773,0
18/02/04,    0.0000,4.66289056092501,0
19/02/04,    0.0000,4.49982024915516,0
20/02/04,    0.0000,4.70761389099061,0
21/02/04,    0.0000,4.23014658130705,0
22/02/04,    0.0000,4.45240517146885,0
23/02/04,    0.0000,4.90394501946867,0
24/02/04,    0.0000,4.8372314106673,0
25/02/04,    0.0000,4.58994542993605,0
26/02/04,    0.0000,5.09480297937989,0
27/02/04,    0.0000,4.80035977996886,0
28/02/04,    0.0000,5.01743985898793,0
29/02/04,    0.0000,5.56010697968304,0
01/03/04,    0.0000,4.97541475109756,0
02/03/04,    3.1309,3.63040656968951,0
03/03/04,    0.0000,5.3807983789593,0
04/03/04,    0.0000,6.60524925030768,0
05/03/04,    0.0000,5.84362736903131,0
06/03/04,    0.0000,5.60635852999985,0
07/03/04,    0.0000,5.68095296062529,0
08/03/04,    0.0000,5.54108156822622,0
09/03/04,    0.0000,4.12150271981955,0
10/03/04,    0.0000,4.64372344128788,0
11/03/04,    0.0000,4.51499770954251,0
12/03/04,    0.0000,4.83799616061151,0
13/03/04,    0.0000,4.97868812084198,0
14/03/04,    0.0000,5.41102834045887,0
15/03/04,    0.0000,5.01683921925724,0
16/03/04,    0.0000,5.09115028008819,0
17/03/04,    0.0000,4.37869901023805,0
18/03/04,    0.0000,4.33237806893885,0
19/03/04,    0.0000,4.9827376101166,0
20/03/04,    0.0000,4.66431030072272,0
21/03/04,    0.0000,4.11623848974705,0
22/03/04,    0.0000,5.01540789939463,0
23/03/04,    0.0000,5.12326904013753,0
24/03/04,    0.0000,5.5543325394392,0
25/03/04,    0.0000,5.47549526020885,0
26/03/04,    0.0000,5.19351535104215,0
27/03/04,    0.0000,5.43334257043898,0
28/03/04,    0.0000,5.00183524005115,0
29/03/04,    0.0000,5.58414145000279,0
30/03/04,    0.0000,5.24701532907784,0
31/03/04,    7.7151,4.54820287972689,0
01/04/04,    5.1115,5.12657395936549,0
02/04/04,    0.7886,4.83446351997554,0
03/04/04,    0.0000,5.13406767137349,0
04/04/04,    0.0000,4.67717645131052,0
05/04/04,    4.2418,4.70215444080532,0
06/04/04,   25.5898,4.87906718067825,0
07/04/04,    0.0000,3.70995795913041,0
08/04/04,    0.0000,3.96451338659972,0
09/04/04,    0.0000,5.25510312058032,0
10/04/04,    0.2956,5.18432082980871,0
11/04/04,    1.8823,4.70975088886917,0
12/04/04,    3.7086,5.35462148115039,0
13/04/04,    0.5946,4.98748821020126,0
14/04/04,    0.0000,5.10978827998042,0
15/04/04,    2.2353,5.6048700902611,0
16/04/04,    0.5499,4.66075905039907,0
17/04/04,    0.2858,5.05465400591493,0.000511389013121976
18/04/04,    0.0000,4.37199480086565,0.00127022433679258
19/04/04,    2.7988,5.22321691922843,0.00118774219230707
20/04/04,    1.8861,4.65583834983408,0.000857813860180837
21/04/04,    1.2879,4.72651802934706,0.000222701676421067
22/04/04,    0.7251,4.28942404873669,0.0000164964208312714
23/04/04,    4.0232,4.13029125891626,0
24/04/04,    0.1950,5.44336085952818,0
25/04/04,    2.6007,4.09856480918825,0
26/04/04,    3.5596,5.5570477694273,0
27/04/04,    5.0307,3.99480780027807,0
28/04/04,    9.0231,5.14958482049406,0
29/04/04,    0.1063,3.90132967755198,0
30/04/04,    0.0000,4.93840222992003,0
01/05/04,    0.4846,4.83908553607762,0
02/05/04,    0.1425,4.81796748004854,0
03/05/04,    1.5328,3.67482378520072,0
04/05/04,    0.2577,5.0702026207,0
05/05/04,   12.5212,4.86290195956826,0
06/05/04,    4.9389,3.15070967469364,0
07/05/04,    0.0000,4.70521791093051,0
08/05/04,    0.0000,3.18286897707731,0
09/05/04,    0.0000,4.71365675516427,0
10/05/04,    0.0000,2.6524362443015,0
11/05/04,    1.5953,3.55155729968101,0
12/05/04,    1.4210,4.0345851238817,0
13/05/04,    0.0000,4.58354265056551,0
14/05/04,   16.1292,5.15989483892918,0
15/05/04,    2.1381,3.08456087019295,0
16/05/04,    0.0000,5.15024855919182,0
17/05/04,    0.0000,5.16967662423849,0
18/05/04,    1.0262,4.03135108016431,0
19/05/04,    5.4453,3.97960337344557,0
20/05/04,    0.0000,3.68442340195179,0
21/05/04,    0.4673,4.3316515609622,0
22/05/04,    9.4828,4.68493157066405,0
23/05/04,    0.6480,2.34447114448994,0
24/05/04,    0.0000,3.22296599857509,0
25/05/04,   15.5210,2.93266981188208,0
26/05/04,    8.2223,2.50505818426609,0
27/05/04,    0.0000,4.54546174407005,0
28/05/04,    5.8481,3.14812085404992,0
29/05/04,    1.2586,4.10425318963826,0
30/05/04,   10.0643,3.62864784430712,0
31/05/04,    1.2001,3.72512326948345,0
01/06/04,   17.0669,4.32596640847623,0
02/06/04,    3.8119,2.9322374900803,0
03/06/04,   10.2737,3.5657974537462,0
04/06/04,    2.1724,2.36140780709684,0
05/06/04,    0.0000,4.05946492217481,0
06/06/04,    1.9248,2.9921290166676,0
07/06/04,    4.8484,2.60877482127398,0
08/06/04,   14.6533,4.70624333061278,0
09/06/04,    0.0000,3.76433980837464,0
10/06/04,    0.0000,4.61591618135571,0
11/06/04,   14.1597,4.05442350171506,0
12/06/04,    8.3582,3.17014852166176,0
13/06/04,    3.8285,2.8926694393158,0
14/06/04,    1.8962,4.5147673599422,0
15/06/04,    2.8686,3.77555722836405,0.00441279257908642
16/06/04,   27.6916,4.32812946476042,0.0780858043588715
17/06/04,    6.5123,2.69677979592234,0.12413556243241
18/06/04,    0.8318,3.89486056193709,0.0916376105333566
19/06/04,    0.0000,3.80864665191621,0.140631974614036
20/06/04,    1.0445,4.588986935094,0.151437141072494
21/06/04,    7.5813,3.62819510046393,0.112423103569231
22/06/04,    1.4139,4.01238179765642,0.0841317406702152
23/06/04,    8.8806,4.339967681095,0.102690213223915
24/06/04,    3.7136,2.42408127337694,0.209257095227663
25/06/04,    1.9139,3.70024720299989,0.158943010935636
26/06/04,    1.6528,4.66930798999965,0.0844616687565262
27/06/04,   18.5012,3.04765779990703,0.0648639223376436
28/06/04,    0.7504,3.05325414333493,0.0615893843111388
29/06/04,    0.0412,3.83482332434505,0.0596015642480236
30/06/04,    3.1726,2.88704951386899,0.0574900221358051
01/07/04,    2.4795,3.24738224130124,0.0729471683183547
02/07/04,   11.0069,3.45055986661464,0.101123056780467
03/07/04,   13.5664,2.97480144631118,0.105659573866815
04/07/04,   17.4619,2.77691655606031,0.109866155000746
05/07/04,    3.9413,4.18464995734394,0.124547974506824
06/07/04,   12.0816,4.00548894517124,0.206535186549075
07/07/04,    1.0713,2.64879367221147,0.227980520025358
08/07/04,    8.4931,3.27168588526547,0.373726407508577
09/07/04,    3.2047,2.81445201393217,0.321350254978371
10/07/04,   12.2439,4.1014837063849,0.251240469775508
11/07/04,    0.3741,3.26492902822793,0.235568873876604
12/07/04,    0.0000,4.61252661235631,0.283573469430564
13/07/04,    5.4058,4.23903138749301,0.455961040050716
14/07/04,    7.1770,4.29729314334691,0.456373475723449
15/07/04,    9.4933,3.77282525319606,0.374468747669302
16/07/04,   12.7403,3.8649735013023,0.322504999347405
17/07/04,    2.6547,2.29932191502303,0.367952654198986
18/07/04,    5.1007,2.49329798202962,0.494562665479565
19/07/04,   13.2436,2.31687759328634,0.550897955045495
20/07/04,    5.5250,2.52181275840849,0.565249822866945
21/07/04,   11.2813,3.16217383742332,0.555764368753729
22/07/04,    8.5255,3.59409616421908,0.478396181384248
23/07/04,   17.3800,2.94400464184582,0.656475005593675
24/07/04,    5.7170,3.38808056805283,1.21248687350835
25/07/04,    5.4899,2.56067099329084,1.25455279497315
26/07/04,    8.9633,3.37120491918176,1.6290214797136
27/07/04,    8.9184,2.86370943672955,2.10659278975238
28/07/04,    8.3540,2.59078611712903,2.06452699414529
29/07/04,    4.7578,2.92724959179759,1.79563529702416
30/07/04,   19.4897,3.65204797871411,1.67768586851133
31/07/04,    9.3861,2.92405802570283,1.52839334259398
01/08/04,    5.2412,3.49179008975625,1.44673598784308
02/08/04,    1.8905,3.6346316402778,1.7527446300716
03/08/04,    4.3727,2.74659799784422,1.93090601693019
04/08/04,    4.6196,3.33042774163187,1.52096987805787
05/08/04,   12.6554,2.28636958822608,1.09123821132906
06/08/04,    5.8010,3.61097795050591,1.00628162291169
07/08/04,    3.7883,4.19080384634435,1.01370502451895
08/08/04,    5.6459,2.51485209632665,1.00380713473299
09/08/04,    0.2747,3.6744873886928,0.925449139506263
10/08/04,   13.6699,3.62707396131009,0.816655292083085
11/08/04,    6.9357,2.71504769474268,0.726254917772971
12/08/04,    0.3631,3.29226331226528,0.835543700589202
13/08/04,   10.8480,3.58189278002828,1.10526014319809
14/08/04,    0.7821,2.37346838973463,1.11103386504326
15/08/04,    8.6874,2.4103892846033,0.986485906268645
16/08/04,    6.1990,2.81825614720583,1.02772695638798
17/08/04,    4.0667,2.61168024037033,1.00050790106653
18/08/04,    0.1973,3.24778121337295,1.04339856801909
19/08/04,    4.5902,4.27097319439054,0.924624331089647
20/08/04,    9.6973,3.12061727885157,0.891631490994182
21/08/04,   16.7741,2.44447397906333,1.05659575440036
22/08/04,   21.8178,2.16953136958182,1.94575269428699
23/08/04,   20.5400,3.26896274648607,2.6303541262679
24/08/04,   11.7219,2.73526394087821,3.01884486873508
25/08/04,   17.6102,3.79128545708954,3.10875030765214
26/08/04,    3.3431,3.68489445094019,3.42053279758353
27/08/04,    9.3862,3.73857622779906,3.44775178997613
28/08/04,    6.8953,3.63670018315315,3.45929923366646
29/08/04,    5.3637,4.28986077196896,3.50219002647673
30/08/04,    4.8116,2.72064573038369,3.32815274463007
31/08/04,    3.3518,3.78915955405682,3.17968496420048
01/09/04,    6.5337,4.00598656013608,3.03946539379475
02/09/04,    2.4746,3.65455160290003,2.87285145062649
03/09/04,   16.3737,3.75063240062445,2.51075508092183
04/09/04,    5.4141,3.58818660490215,2.20309694771778
05/09/04,   26.9663,3.6035128775984,2.22124285874105
06/09/04,    9.7280,2.91553674638271,2.48106147449284
07/09/04,    1.2884,3.57795676309615,2.53879894465991
08/09/04,    5.2524,3.27072911709547,2.57756563245823
09/09/04,    8.1253,4.50107333995402,2.55199613104117
10/09/04,   10.3889,3.41225304547697,2.39363064961217
11/09/04,    9.4226,3.61635831929743,2.25011159382458
12/09/04,    0.3989,3.56054966058582,2.06122763462112
13/09/04,    0.8938,3.53705398738384,1.97379668388276
14/09/04,    0.4786,3.85584030579776,1.8294530084651
15/09/04,   12.1531,4.17053905688226,1.61829878151104
16/09/04,   11.3472,3.2623305330053,1.36177952528342
17/09/04,    3.8050,4.01563506387174,1.30239231242541
18/09/04,    9.9187,3.92487550992519,1.39972121587858
19/09/04,    7.9537,3.65689871367067,1.45415945237918
20/09/04,   14.4015,3.86310438998044,1.53664155261784
21/09/04,    4.4917,4.18196721188724,1.57870734822494
22/09/04,    7.4475,4.14437809959054,1.70490498676163
23/09/04,   10.8452,3.34208513330668,1.6735617634994
24/09/04,    0.0000,3.56424743589014,1.59272940595167
25/09/04,   20.4154,4.43475883826613,1.79893465654833
26/09/04,    4.5808,3.62218366842717,2.01916183901402
27/09/04,    0.0000,4.61221038736403,2.21711875372912
28/09/04,    0.6432,4.0685902889818,2.31197316900358
29/09/04,   12.8961,3.07162506505847,2.26578339424224
30/09/04,    5.1811,3.24829133693129,2.11814023344272
01/10/04,   10.7527,3.36195455212146,2.01833696766855
02/10/04,    9.1458,4.39266782067716,2.06040288913336
03/10/04,    1.3750,4.24376889877021,1.95977475201373
04/10/04,    3.9160,3.77693203371018,1.73624821002387
05/10/04,    1.7864,3.15485418308526,1.62984635105907
06/10/04,    0.5385,4.16176041401923,1.49705011933174
07/10/04,    0.0000,4.50049976445735,1.35188157256861
08/10/04,    0.0000,3.46204657666385,1.19434083662739
09/10/04,    1.3206,4.56380146183074,1.05247158645958
10/10/04,    3.1303,4.01930403336883,0.930398115863665
11/10/04,    0.0000,4.12311999499798,0.833069212410501
12/10/04,    0.0000,4.71593946777284,0.754628717463454
13/10/04,    0.0000,4.02301810309291,0.685343740677207
14/10/04,    0.0641,4.65067083947361,0.62348216549821
15/10/04,    0.9240,4.74668974615633,0.559888473765663
16/10/04,    0.0000,4.51756897196174,0.506934980515364
17/10/04,    0.0000,4.5191348195076,0.459342804901924
18/10/04,    0.0000,4.65902110189199,0.418431690735009
19/10/04,    0.0000,4.78459517098963,0.383211830157369
20/10/04,    0.0000,3.70951324701309,0.348239437276253
21/10/04,    0.0000,3.06935226451606,0.317308649686754
22/10/04,    0.0000,3.79533760249615,0.291161807549597
23/10/04,    0.0000,4.51826216094196,0.269716474073315
24/10/04,    0.0000,4.33850896917284,0.250910549555302
25/10/04,    0.7821,3.55765142012388,0.231939672793295
26/10/04,    0.0000,4.35479944013059,0.211731551941937
27/10/04,    0.0000,4.7828358002007,0.196884780191863
28/10/04,    0.0000,4.84271227009594,0.18508983734058
29/10/04,    0.0000,3.37758601363748,0.167438657191602
30/10/04,    0.0000,3.40189720969647,0.152261949489111
31/10/04,    0.0000,4.56302851997316,0.13980716619742
01/11/04,   12.7086,4.11906219087541,0.130074275852103
02/11/04,    9.6625,3.13564069755375,0.124383006530616
03/11/04,    0.0000,3.82782524917275,0.123063294185374
04/11/04,    3.1947,3.90144592430443,0.122485922000857
05/11/04,    0.0000,3.82317758910358,0.135023205012865
06/11/04,    5.2053,3.99209356028587,0.144838563614074
07/11/04,    0.7052,4.23909274674952,0.143766303233145
08/11/04,    0.0000,3.68633946496993,0.134445817096136
09/11/04,    0.0000,4.56686842255294,0.110608495161471
10/11/04,    1.0969,4.10942704975605,0.0932872588310151
11/11/04,    5.0538,4.54689583554864,0.0819707089517453
12/11/04,    1.6177,4.00455455482006,0.074151406226693
13/11/04,    0.9487,3.97470856457949,0.0723533009094384
14/11/04,    0.0000,4.51118185929954,0.0734915500540722
15/11/04,    0.0000,4.19149955175817,0.0734915500540722
16/11/04,    0.0000,3.69904328417033,0.0734915500540722
17/11/04,    0.0000,3.76677643414587,0.0734915500540722
18/11/04,    0.0000,4.24355244636536,0.065845458984375
19/11/04,    0.0000,4.37093259952962,0.0536793499857827
20/11/04,    0.0000,4.01171599142253,0.0494975077553979
21/11/04,    0.0000,4.13555390015244,0.044490845309237
22/11/04,    0.0000,4.23866180889308,0.0391130127827137
23/11/04,    0.0000,4.59434878081083,0.0345517528597666
24/11/04,    0.0730,3.73895116243511,0.0308648027588474
25/11/04,    0.0000,3.91303894575685,0.0278212116396228
26/11/04,    0.0000,4.09060144051909,0.0252642670041906
27/11/04,    0.0000,5.32364534959197,0.0231197324766464
28/11/04,    0.0000,4.47646228969097,0.0212143964016352
29/11/04,    0.0000,3.96653325017542,0.0201421281545998
30/11/04,    0.0000,4.648561431095,0.0183357712920924
01/12/04,    0.0000,4.43981597945094,0.0169748169527987
02/12/04,    0.0000,5.08310553058982,0.0154488975870866
03/12/04,    0.0000,4.71892900951207,0.0136672835611785
04/12/04,    0.0000,3.94571818038821,0.012941441574643
05/12/04,    0.0000,4.70129165053368,0.0122155986048441
06/12/04,    0.0000,4.22103706933558,0.0111515799365351
07/12/04,    0.0000,3.89712878968567,0.0100463202574373
08/12/04,    0.0000,4.01594955287874,0.00932047728763846
09/12/04,    0.0000,4.24745010025799,0.00859463530110288
10/12/04,    0.0000,3.7429494811222,0.00786879233130408
11/12/04,    0.0000,3.82777172047645,0.00691199999606695
12/12/04,    0.0000,4.31448538973928,0.00605418638170192
13/12/04,    0.0000,4.23272318951786,0.00557578996826755
14/12/04,    0.0000,4.01362806931138,0.00509739355483317
15/12/04,    0.0000,3.97680415958166,0.00461899763303042
16/12/04,    0.0000,4.06527378037572,0.00367870175127198
17/12/04,    0.0000,4.77013633958995,0.00318380913017473
18/12/04,    0.0000,4.4205904006958,0.00270541296255617
19/12/04,    0.0000,4.16610698960721,0.00222701679493761
20/12/04,    0.0000,4.15637315995991,0.00188059188642479
21/12/04,    0.0000,2.80404588021338,0.00168263481340431
22/12/04,    0.0000,4.06915581040084,0.00158365633834802
23/12/04,    0.0000,4.20818121917546,0.00158365633834802
24/12/04,    0.0000,4.28581780008972,0.00158365633834802
25/12/04,    0.0000,3.84002244006842,0.00158365633834802
26/12/04,    0.0000,4.15194047987461,0.00158365633834802
27/12/04,    0.0000,4.2665081396699,0.00148467786329174
28/12/04,    0.0000,4.15999598987401,0.00138569926532755
29/12/04,    0.0000,4.49711821042001,0.00138569926532755
30/12/04,    0.0000,4.29492971114814,0.00138569926532755
31/12/04,0.0000,3.6659589400515,0.00138569926532755
01/01/05,    0.0000,4.46353820897639,0.00138569926532755
02/01/05,    0.0000,4.29622575081885,0.00128672079027126
03/01/05,    0.0000,4.52614347077906,0.00118774219230707
04/01/05,    0.0000,3.90016629081219,0.00118774219230707
05/01/05,    0.0000,4.47033110074699,0.00118774219230707
06/01/05,    0.0000,5.27105830982327,0.00118774219230707
07/01/05,    0.0000,4.33575199916959,0.00118774219230707
08/01/05,    0.0000,5.14231050945818,0.00108876371725078
09/01/05,    0.0000,5.57906459085643,0.000989785180740539
10/01/05,    0.0000,4.76025618053973,0.000989785180740539
11/01/05,    0.0000,3.76707519963384,0.000989785180740539
12/01/05,    0.0000,4.17291376926005,0.000989785180740539
13/01/05,    0.0000,3.66852160077542,0.000989785180740539
14/01/05,    0.0000,3.64528034999967,0.00089080670568425
15/01/05,    0.0000,4.18445079028606,0.000791828169174012
16/01/05,    0.0000,5.50099254958332,0.000791828169174012
17/01/05,    0.0000,4.91753906942904,0.000791828169174012
18/01/05,    0.0000,5.79006253927946,0.000791828169174012
19/01/05,    0.0000,4.74015462957323,0.000791828169174012
20/01/05,    0.0000,4.57312393933535,0.000692849632663774
21/01/05,    0.0000,5.15249749086797,0.000593871096153537
22/01/05,    0.0000,5.72020261920989,0.000593871096153537
23/01/05,    0.0000,4.52971616014838,0.000593871096153537
24/01/05,    0.0000,4.8566262293607,0.000593871096153537
25/01/05,    0.0000,4.33334665931761,0.000593871096153537
26/01/05,    0.0000,4.88059643097222,0.000494892590370274
27/01/05,    0.0000,4.35765776969492,0.00039591408458701
28/01/05,    0.0000,4.68495929054916,0.00039591408458701
29/01/05,    0.0000,4.75126600079238,0.00039591408458701
30/01/05,    0.0000,5.14163692109287,0.00039591408458701
31/01/05,    0.0000,5.76083851978183,0.00039591408458701
01/02/05,    0.0000,6.64303616993129,0.000296935548076764
02/02/05,    0.0000,4.42299572005868,0.000197957042293501
03/02/05,    0.0000,4.53647022508085,0.000197957042293501
04/02/05,    0.0000,4.6279269605875,0.000197957042293501
05/02/05,    0.0000,4.57087253965437,0.000197957042293501
06/02/05,    0.0000,3.29862981010228,0.000197957042293501
07/02/05,    0.0000,4.8384781293571,0.0000989785211467505
08/02/05,    0.0000,4.1574734300375,0
09/02/05,    0.0000,4.55389970541,0
10/02/05,    0.0000,5.01709461025894,0
11/02/05,    0.0000,5.05790868028998,0
12/02/05,    0.0000,4.99946521967649,0
13/02/05,    0.0000,4.90094674937427,0
14/02/05,    0.0000,4.80767497979105,0
15/02/05,    0.0000,5.06909648887813,0
16/02/05,    0.0000,4.68995468132198,0
17/02/05,    0.0000,4.81729446910322,0
18/02/05,    0.0000,4.47478901408613,0
19/02/05,    4.0224,5.03998575918376,0
20/02/05,    0.0000,4.92310135997832,0
21/02/05,    0.0000,5.37196129001677,0
22/02/05,    0.0000,5.80625178106129,0
23/02/05,    0.0000,6.52827701158822,0
24/02/05,    0.0000,5.37952703051269,0
25/02/05,    0.0000,4.73846804909408,0
26/02/05,    0.0000,4.11751148104668,0
27/02/05,    0.0000,5.81306766159832,0
28/02/05,    0.0000,5.20897586084902,0
01/03/05,    2.1075,4.25474300980568,0
02/03/05,    0.0000,5.63878471963108,0
03/03/05,    0.0000,5.35760374926031,0
04/03/05,    0.0000,3.59300178941339,0
05/03/05,    0.0000,4.80484667047858,0
06/03/05,   20.4031,4.92644941061735,0
07/03/05,   12.6449,4.69245400093496,0
08/03/05,    0.0000,4.88278668746352,0
09/03/05,    0.0000,5.02958543971181,0
10/03/05,    0.0000,5.68597088009119,0
11/03/05,    0.0000,4.70133090019226,0
12/03/05,    0.0000,4.50287139043212,0
13/03/05,    1.0466,3.62784415856004,0
14/03/05,    0.0000,4.66019159927964,0
15/03/05,    0.0000,5.12654236890376,0
16/03/05,    0.0000,5.18980625085533,0
17/03/05,    0.0000,5.23821090906858,0
18/03/05,    0.0000,5.09481219016016,0
19/03/05,    0.0000,5.52905200980604,0
20/03/05,    0.0000,3.92330325488001,0
21/03/05,    0.1921,4.91902204044163,0
22/03/05,    0.3225,5.29517967067659,0
23/03/05,    0.0000,5.85179057903588,0
24/03/05,   11.1347,5.0549592692405,0
25/03/05,    0.0000,4.73148388974369,0
26/03/05,    0.0000,5.16766159050167,0
27/03/05,    0.0000,5.50201868079603,0
28/03/05,    0.0000,5.56904331035912,0
29/03/05,    0.0000,5.80561682023108,0
30/03/05,    0.0000,5.51718972995877,0
31/03/05,    0.0000,5.90403481014073,0
01/04/05,    0.0000,5.80018878914416,0
02/04/05,    0.0000,4.99842949025333,0
03/04/05,    0.0000,5.42485415004194,0
04/04/05,    0.0000,5.35773202963173,0
05/04/05,    0.0000,4.97737923078239,0
06/04/05,    0.0000,5.47207779996097,0
07/04/05,    0.0000,5.37052399106324,0
08/04/05,    0.0000,5.22128235921264,0
09/04/05,    0.0000,5.29295923002064,0
10/04/05,    0.0000,5.57603343017399,0
11/04/05,    0.0000,5.45880855061114,0
12/04/05,    0.0000,5.72816572897136,0
13/04/05,    0.0000,5.51890341006219,0
14/04/05,    0.0000,5.58926826156676,0
15/04/05,    0.0000,4.93429767899215,0
16/04/05,    0.0000,5.78436792828143,0
17/04/05,   19.8434,5.74237596057355,0
18/04/05,    1.5713,4.51529717259109,0
19/04/05,    6.8918,4.6888253800571,0
20/04/05,   24.9426,4.60936432890594,0
21/04/05,    0.0000,4.76311285980046,0
22/04/05,    0.8345,5.42266018874943,0
23/04/05,   13.2727,4.62580089457333,0
24/04/05,    3.1753,3.56991935987026,0
25/04/05,    0.7295,5.10983263514936,0
26/04/05,    4.6423,3.65354616846889,0
27/04/05,    0.0000,4.75533573143184,0
28/04/05,   10.7587,4.71291550993919,0
29/04/05,    2.3093,2.72461832035333,0
30/04/05,    0.0000,4.1424835883081,0
01/05/05,    0.0000,5.0937581397593,0
02/05/05,    0.0000,5.16466142050922,0
03/05/05,    0.6891,4.34242835082114,0
04/05/05,    5.9558,4.25661527365446,0
05/05/05,   20.8416,4.08477750979364,0
06/05/05,    0.0366,3.57296286243945,0
07/05/05,    0.0000,4.73346693813801,0
08/05/05,    8.1508,3.5088374633342,0
09/05/05,    2.6091,4.34478894993663,0
10/05/05,    0.3076,4.40905468910933,0
11/05/05,    0.0000,4.44066097959876,0
12/05/05,    0.0000,5.25476188957691,0
13/05/05,    0.0000,4.28662032820284,0
14/05/05,    0.0000,4.67973136901855,0
15/05/05,    0.0000,5.22637077979743,0
16/05/05,    0.3019,4.8460438195616,0
17/05/05,    0.0000,5.0201337300241,0
18/05/05,    0.0000,4.48534566909075,0
19/05/05,    0.0000,4.98595356009901,0
20/05/05,    0.0000,3.93360075075179,0
21/05/05,    3.4544,4.97739358991385,0
22/05/05,   23.2913,5.04143607988954,0
23/05/05,    2.5617,4.44769310578704,0
24/05/05,    0.0000,5.39639439061284,0
25/05/05,    0.0000,5.61141300946474,0
26/05/05,    0.0000,4.56001774035394,0
27/05/05,    0.2928,4.59412580914795,0
28/05/05,    3.6104,4.60531084239483,0
29/05/05,    0.0000,5.14981278963387,0
30/05/05,   18.3080,3.4028079463169,0
31/05/05,    2.0494,4.22008529677987,0
01/06/05,    2.9469,4.23602544888854,0
02/06/05,   12.7589,3.92691984120756,0
03/06/05,    0.0000,4.29360082000494,0
04/06/05,    9.0083,4.33024157956243,0
05/06/05,   10.4260,3.07705589197576,0
06/06/05,    0.1554,4.70781163312495,0
07/06/05,    0.0000,4.03004616126418,0
08/06/05,    3.2584,4.2613629065454,0
09/06/05,    0.0000,4.18469702266157,0
10/06/05,    2.4808,4.93077232129872,0
11/06/05,   19.3246,2.41088984813541,0
12/06/05,    4.9650,3.36154267285019,0
13/06/05,    0.0777,4.2860272526741,0
14/06/05,   15.7319,4.11895933188498,0
15/06/05,    0.0000,3.12328468170017,0
16/06/05,   11.2631,4.12445182912052,0
17/06/05,    0.0000,3.57673908397555,0.000956792335237126
18/06/05,   35.5580,4.21850873529911,0.0306338519185141
19/06/05,    0.0000,3.67486887983978,0.0795869799047211
20/06/05,   16.2176,3.28333578910679,0.0272768299039053
21/06/05,    0.0000,4.23974210396409,0.0807582273642602
22/06/05,    0.1830,3.8797013759613,0.0746710490588641
23/06/05,    0.0000,2.77166814822704,0.0473282284247278
24/06/05,    0.1731,3.10821929946542,0.0437155146997128
25/06/05,    0.0000,3.14470239635557,0.0223856418946478
26/06/05,    0.6650,2.64693192113191,0.0116877140600528
27/06/05,   15.8847,3.88623495679349,0.00731616249175516
28/06/05,    0.0457,2.90997880883515,0.00615316461094239
29/06/05,    3.8813,4.04457327350974,0.00469323155077659
30/06/05,    0.0000,3.58316850941628,0.00147642963655239
01/07/05,    0.0000,3.04484972078353,0.000965040561976469
02/07/05,    0.0000,3.27331030648202,0.0185254801383735
03/07/05,   61.7796,4.04198254831135,0.0735327920481243
04/07/05,    0.0000,4.42940369062126,0.0517492710741722
05/07/05,   22.5517,2.75156447477639,0.0421895923842109
06/07/05,    0.1036,2.7782607069239,0.044928000220251
07/07/05,    0.0000,2.20852419175208,0.0615316470926872
08/07/05,   31.6925,3.02091100439429,0.0623317244718639
09/07/05,    0.0000,2.54326575715095,0.0693839402665386
10/07/05,    5.0809,1.99246250931174,0.0439052215794675
11/07/05,    3.8326,4.29406594857574,0.0512213845628543
12/07/05,   24.8229,4.43649727292359,0.0656557521046204
13/07/05,   23.3444,2.89497828576714,0.18508983734058
14/07/05,    0.0000,3.39523036126047,0.348981777436978
15/07/05,    2.3002,4.35664331912994,0.677920401998807
16/07/05,   20.0861,4.38591452129185,1.13495374962709
17/07/05,    2.1683,4.16762093827128,1.91358472553699
18/07/05,    7.3136,4.16508767567575,1.86079623172733
19/07/05,    2.7538,4.03429008834064,1.21991021218675
20/07/05,   26.4765,4.42778391949832,1.10773463137679
21/07/05,    4.5257,2.78144475631416,1.47560472292661
22/07/05,    0.0000,3.70957081206143,1.69500715990453
23/07/05,    0.0000,3.39593811798841,1.6760362516781
24/07/05,    1.9782,3.63162957876921,1.27104921502089
25/07/05,   27.9856,2.97759042587131,0.732441075290871
26/07/05,    2.4357,2.84269399940968,0.835543700589202
27/07/05,    4.9370,4.1090394500643,1.08381474679296
28/07/05,    9.4845,2.74080499727279,1.17619479974642
29/07/05,    0.0000,3.09397410321981,0.650371347796092
30/07/05,    0.0000,3.64753706101328,0.506275140074955
31/07/05,    3.2662,3.39806999638677,0.643277882141259
01/08/05,    0.0000,3.33392967376858,0.77871353855907
02/08/05,    0.0000,3.56374970823526,0.853689737470167
03/08/05,    0.0000,3.97692522406578,0.980712184423479
04/08/05,    0.8475,3.49255681131035,1.04587305619779
05/08/05,    0.0000,3.69899195060134,0.849565632458234
06/08/05,   39.7874,3.21444828994572,0.748772495897972
07/08/05,    4.1488,2.86819718685001,1.34198374571151
08/08/05,    0.0000,2.66929674055427,0.958441979601729
09/08/05,    0.0271,2.91235825140029,0.729636651159756
10/08/05,    7.0351,3.46427074819803,0.936996646125447
11/08/05,    0.0000,3.52918570581824,0.932872541113513
12/08/05,    1.2790,2.63255854509771,0.720398633278639
13/08/05,    1.2015,3.03993012756109,0.580921434498061
14/08/05,    0.0000,3.07664035819471,0.565084886355161
15/08/05,   12.6693,3.48588176537305,0.595933174224344
16/08/05,    7.4737,2.04745747987181,1.20918763984189
17/08/05,    5.7545,2.01683515030891,0.797272011112769
18/08/05,    0.8116,3.17233492899686,0.663238598224941
19/08/05,    0.0000,2.78333720937371,0.558156357212112
20/08/05,    3.6504,3.14690255187452,0.476416597134174
21/08/05,    0.0000,3.24401903990656,0.429979197354191
22/08/05,    0.0000,3.49231142643839,0.432206217836366
23/08/05,    4.2110,2.88230782561004,0.547103785985979
24/08/05,    0.0000,3.10520477965474,0.564177578218228
25/08/05,    2.5155,2.73722143936902,0.525575952789379
26/08/05,    7.6291,3.26339005026966,0.506687544283264
27/08/05,   13.0251,3.33305267151445,0.483427594533115
28/08/05,    0.0000,4.46429393067956,0.485407147318765
29/08/05,    4.3131,2.14416550844908,0.461982229592408
30/08/05,    0.9305,2.58579859603196,0.688972973224941
31/08/05,    0.3246,3.71560223214328,0.821851641743735
01/09/05,   19.1395,2.18011540174484,0.68501386765364
02/09/05,    0.0000,2.90832273196429,0.662496226599791
03/09/05,    1.5217,3.30947033688426,0.861113139077417
04/09/05,    7.1126,3.48631085082889,0.868536540684667
05/09/05,   13.8727,3.73293223790824,0.767330968451671
06/09/05,    3.8594,4.04190725460649,0.671816681272375
07/09/05,    5.0574,3.77290746197104,0.703572340207339
08/09/05,   10.8374,3.85278023499995,0.698293490826373
09/09/05,    0.0000,3.83559042681009,0.705469393272673
10/09/05,    0.1511,3.39156171865761,0.725430046427506
11/09/05,    0.0000,4.29906425438821,0.71248035920719
12/09/05,    0.0000,4.05293093435466,0.60269670392676
13/09/05,    3.2397,4.4438774921,0.531762110307279
14/09/05,    6.5064,4.61156180500984,0.46882825901514
15/09/05,    2.6318,3.25362609885633,0.432041249860158
16/09/05,    0.0000,4.16802566498518,0.424865284485009
17/09/05,    1.7494,3.68678313307464,0.413812681794451
18/09/05,    4.6296,4.18060334026814,0.417276946365976
19/09/05,    0.1526,4.1141124162823,0.340816035669003
20/09/05,    6.5960,2.4457209603861,0.335372218311829
21/09/05,   17.5377,2.3989041261375,0.716192091475239
22/09/05,    7.8811,4.05744834244251,0.823501258576969
23/09/05,    9.6991,3.62759998254478,0.697798555433324
24/09/05,   17.6794,2.38517919741571,0.792982906660202
25/09/05,    0.0124,3.66286400798708,1.17289544022225
26/09/05,   13.7023,2.70401321072131,1.12835515643646
27/09/05,   10.7778,3.31516068335623,1.29166974008055
28/09/05,    0.4125,4.34532983787358,1.11268348187649
29/09/05,    0.7124,4.50952878408134,1.19269121979416
30/09/05,    0.0000,4.1491440013051,1.14320195965096
01/10/05,    5.8777,3.31243173871189,0.980712184423479
02/10/05,    2.3465,3.63517889659852,0.864412435672734
03/10/05,    8.7870,3.55473203398287,0.724357801778789
04/10/05,   12.6905,4.29224639944732,0.922149905839799
05/10/05,   10.1808,3.63671954814345,1.17536992840095
06/10/05,   10.0818,3.54292719997466,1.32466258017602
07/10/05,   12.5762,3.88297486491501,1.6859340785352
08/10/05,    9.5728,4.28258935920894,1.73707308136933
09/10/05,    5.9295,4.07504077628255,1.66201431980907
10/10/05,    1.5686,3.27919092960656,1.61087544283264
11/10/05,    2.4036,2.91925103403628,1.76429207376193
12/10/05,    0.0000,4.35321314819157,1.7304744881787
13/10/05,    0.2361,4.59596322849393,1.46323240789081
14/10/05,    0.0000,4.53816372714937,1.21166200216289
15/10/05,    9.1962,3.95164012908936,1.03102625298329
16/10/05,    1.9951,4.30916081555188,0.946069664565929
17/10/05,    0.0000,4.47500145807862,0.8701861575179
18/10/05,    1.1599,3.30132199730724,0.810799070517601
19/10/05,    0.0000,3.73850171547383,0.755948461273121
20/10/05,    0.0000,3.29369598068297,0.686251048814141
21/10/05,    0.0000,4.24723689071834,0.636266916206742
22/10/05,    0.0000,3.82046662922949,0.577869574134845
23/10/05,    0.0000,3.7397502111271,0.577044765718228
24/10/05,    0.0000,4.09442586451769,0.539845320890513
25/10/05,    0.0000,3.39847002085298,0.449774882532816
26/10/05,    0.0000,4.08720397762954,0.40012065441341
27/10/05,    0.0000,4.10141517966986,0.346754756954803
28/10/05,    0.0000,4.12917662784457,0.31062758824023
29/10/05,    0.0000,4.07498647272587,0.28010920485904
30/10/05,    0.0000,4.53645001351833,0.250498145346994
31/10/05,    0.0000,3.68674715608358,0.232269593013499
01/11/05,    0.2023,3.44605472311378,0.216433029138388
02/11/05,    0.0000,3.96785247512162,0.197379668388276
03/11/05,    0.0000,3.72960007376969,0.178408775894056
04/11/05,    0.0000,3.8643382852897,0.162489743763052
05/11/05,    0.0000,3.92917161807418,0.14986997676294
06/11/05,    0.0000,4.63986521959305,0.138487453852177
07/11/05,    0.0000,4.26385569944978,0.121908541950235
08/11/05,    0.0000,4.40065160952508,0.106896802223952
09/11/05,    0.0000,4.76011057011783,0.0949368992625669
10/11/05,    0.0000,4.62163847871125,0.0852864929053551
11/11/05,    0.0000,4.65656111948192,0.0790508418481504
12/11/05,    0.0000,4.22553814575076,0.0646907106822886
13/11/05,    0.0000,4.31204348057508,0.0605666056703554
14/11/05,    0.0000,4.14219013415277,0.0529617565947103
15/11/05,    0.0000,4.51629615947604,0.0468498315196618
16/11/05,    0.0000,4.13545867986977,0.0433938342256023
17/11/05,    0.0000,4.17510724067688,0.0387995799208029
18/11/05,    0.0000,4.47401039861143,0.0344692688716624
19/11/05,    0.0000,4.73859938979149,0.0311864812664314
20/11/05,    0.0000,4.26527156680822,0.0265427393219067
21/11/05,    0.0000,4.29083310998976,0.0221959330483666
22/11/05,    0.0000,3.72567662037909,0.0202246101761775
23/11/05,    0.0000,3.75192319601774,0.0183027788767667
24/11/05,    0.0000,4.29909194074571,0.0163974418184922
25/11/05,    0.0000,4.15183370374143,0.0145333457710066
26/11/05,    0.0000,4.66066789068282,0.0128837043561912
27/11/05,    0.0000,4.30129817314446,0.0114567642029828
28/11/05,    0.0000,4.47587111033499,0.0100380716619742
29/11/05,    0.0000,3.84618506301194,0.00855339330705081
30/11/05,    0.0000,4.14708071760833,0.00777806220589503
01/12/05,    0.0000,4.38397708907723,0.0130321721916836
02/12/05,    0.0000,3.83015910163522,0.00948544133079363
03/12/05,    0.0000,4.58033392950892,0.00602119347474455
04/12/05,    0.0000,4.40237986855209,0.00509739355483317
05/12/05,    0.0000,4.05697062425315,0.00413235311576461
06/12/05,    0.0000,4.23297683894634,0.00317556078052749
07/12/05,    0.0000,3.60957796964794,0.00252395222010647
08/12/05,    0.0000,4.3909194804728,0.00372819086589222
09/12/05,    0.0000,4.54375055991113,0.00310957521242857
10/12/05,    0.0000,3.5513520007953,0.00108051549051143
11/12/05,    0.0000,3.99797514174134,0.000701097859403117
12/12/05,    0.0000,3.72291578073055,0.000288687352064404
13/12/05,    0.0000,4.1398258395493,0.0000164964208312714
14/12/05,    0.0000,5.90193323977292,0
15/12/05,    0.0000,4.94548992067575,0
16/12/05,    0.0000,4.86504189111292,0
17/12/05,    0.0000,4.55332471989095,0
18/12/05,    0.0000,5.02929156087339,0
19/12/05,    0.0000,4.70557978004217,0
20/12/05,    0.0000,4.78443248011172,0
21/12/05,    0.0000,4.7003936804831,0
22/12/05,    0.0000,4.7171017806977,0
23/12/05,    0.0000,5.1126343999058,0
24/12/05,    0.0000,4.68720391020179,0
25/12/05,    0.0000,5.09875486977398,0
26/12/05,    0.0000,4.49949523061514,0
27/12/05,    0.0000,4.4131465498358,0
28/12/05,    0.0000,4.673922220245,0
29/12/05,    0.0000,4.22189019061625,0
30/12/05,    0.0000,4.71112596988678,0
31/12/05,    0.0000,4.64664666168392,0
